{
  "camera_data": {},
  "objects": [
    {
      "class": "003_cracker_box",
      "visibility": 1.0,
      "location": [
        -0.006768430583178997,
        0.011432959698140621,
        96.60877227783203
      ],
      "quaternion_wxyz": [
        0.0005114078521728516,
        0.011010601185262203,
        -0.008421008475124836,
        0.9999037981033325
      ],
      "projected_cuboid": [
        [
          194.0120086669922,
          337.1888122558594
        ],
        [
          319.5170593261719,
          337.3763122558594
        ],
        [
          319.54718017578125,
          173.47100830078125
        ],
        [
          193.59210205078125,
          173.8739013671875
        ],
        [
          187.9475555419922,
          344.4243469238281
        ],
        [
          323.1128845214844,
          344.6543884277344
        ],
        [
          323.1592712402344,
          168.08152770996094
        ],
        [
          187.47183227539062,
          168.5364532470703
        ],
        [
          255.94618225097656,
          256.0909118652344
        ]
      ]
    }
  ]
}