{
  "camera_data": {},
  "objects": [
    {
      "class": "003_cracker_box",
      "visibility": 1.0,
      "location": [
        9.801993292057887e-05,
        -0.0002873009070754051,
        0.9662346243858337
      ],
      "quaternion_xyzw": [
        0.0005634104498548971,
        0.9999385283761221,
        0.007785274017060836,
        -0.00787474102047689
      ],
      "projected_cuboid": [
        [
          256,
          256
        ],
        [
          402,
          447
        ],
        [
          394,
          432
        ],
        [
          402,
          65
        ],
        [
          394,
          76
        ],
        [
          109,
          447
        ],
        [
          121,
          432
        ],
        [
          108,
          65
        ],
        [
          120,
          77
        ]
      ]
    }
  ]
}